albumId,id
2,EPCE-5002
3,EPCE-5006
4,EPCE-5010
5,EPCE-5017
6,EPCE-5025
7,EPCE-5032
8,EPCE-5051
9,EPCE-5054
10,EPCE-5064
12,EPCE-5068
13,EPCE-5089
14,EPCE-5094
15,EPCE-5116
16,PKCP-5001
17,PKCP-5002
18,EPCE-5129
19,EPCE-5137
20,EPCE-5136
21,PKCP-5003
22,EPCE-5149
23,PKCP-5006
24,PKCP-5005
25,EPCE-5162
209,EPCE-5167
26,HKCN-50003
27,EPCE-5172
28,EPCE-5177
29,PKCP-5008
30,PKCP-5010
31,PKCP-5013
32,EPCE-5193
33,EPCE-5195
34,PKCP-5014
35,EPCE-5197
36,EPCE-5200
37,HKCN-50009
38,PKCP-5017
39,EPCE-5205
40,EPCE-5206
41,PKCP-5020
211,EPCE-5206,劇場版とっとこハム太郎ハムハムハムージャ！ 幻のプリンセス オリジナル サウンドトラック,2003/3/26
42,EPCE-2015
43,PKCP-5021
44,HKCN-50011
45,EPCE-2019
46,EPCE-5258
47,EPCE-5259
48,PKCP-5034
49,HKCN-50016
50,EPCE-5265
51,PKCP-5035
52,EPCE-5277
53,EPCE-5289
54,PKCP-5043
55,EPCE-5305
56,EPCE-5342
57,EPCE-5343
58,EPCE-5341
59,EPCE-5321
60,EPCE-5340
212,EPCE-5340,劇場版 とっとこハム太郎・ハムハムグランプリン オーロラ谷の奇跡 リボンちゃん危機一髪！オリジナルサウンドトラック,2004/12/22
61,EPCE-2030
62,PKCP-5049
63,EPCE-5355
64,EPCE-5362
65,PKCP-5059
66,PKCP-5061
67,PKCP-5062
68,PKCP-5063
69,EPCE-5383
70,EPCE-5383,プラン・ダムール〜愛がいっぱい〜,2005/12/21
71,EPCE-5387
72,HKCN-50034
73,PKCP-5067
74,EPCE-5415
75,EPCE-5421
213,EPCE-5424
76,EPCE-5430
214,HKCN-50750,ミュージカル「白蛇伝〜White Lovers〜」 ソング・セレクション,2023/3/22
215,EPCE-5437
77,EPCE-5440
78,EPCE-5443
79,EPCE-5447
80,EPCE-5456
81,HKCN-50043
205,HKCN-50043,①Be Possible!,2007/3/14
82,EPCE-5458
83,EPCE-5462
84,HKCN-50053
85,PKCP-5091
216,EPCE-5497
86,PKCP-5094
87,EPCE-5501
88,EPCE-5505
89,PKCP-5103
90,EPCE-5526
91,EPCE-5439
92,EPCE-5527
93,EPCE-5528
94,EPCE-5534
95,HKCN-50750,Café Buono!,2023/3/22
96,EPCE-5545
217,EPCE-5569
218,EPCE-5572
97,PKCP-5123
98,HKCN-50750,Kill Me Kiss Me,2023/3/22
99,EPCE-5585
100,EPCE-5591
101,EPCE-5593
102,EPCE-5595
103,EPCE-5600
104,EPCE-5590
105,EPCE-5602
106,EPCE-5602
107,EPCE-5597
108,HKCN-50070
109,HKCN-50750,きらりと冬,2023/3/22
110,PKCP-5130
111,EPCE-5611
112,EPCE-5612
113,HKCN-50750,1st最高!,2023/3/22
114,HKCN-50750,Buono!2,2023/3/22
115,EPCE-5629
219,EPCE-5626
116,EPCE-5623
117,HKCN-50750,チャンプル①〜ハッピーマリッジソングカバー集〜,2023/3/22
118,EPCE-5661
119,EPCE-5674
121,EPCE-5677
122,HKCN-50102
220,HKCN-50750,TOHOKU RAKUTEN GOLDEN EAGLES 5TH ANNIVERSARY “SONGS of RAKUTEN EAGLES”,2023/3/22
123,HKCN-50750,We are Buono!,2023/3/22
125,EPCE-5694
224,HKCN-50750,しゅごキャラ!ソング♪ベスト,2023/3/22
126,EPCE-5697
127,PKCP-5155
129,HKCN-50750,The Best Buono!,2023/3/22
130,EPCE-5732,MORE FRIENDS,2010/11/24
131,EPCE-5733
132,HKCN-50148
134,EPCE-5741
221,HKCN-50750,みんなのアイドル☆コレクション〜テレビアニメ・ヒット・ソング集〜,2023/3/22
222,HKCN-50750,めちゃモテ委員長 めちゃヒット曲集,2023/3/22
139,PKCP-5180
141,EPCE-5762
142,EPCE-5798
143,EPCE-5809
144,EPCE-5830
145,EPCE-5843
146,PKCP-5201
147,HKCN-50219
148,HKCN-50234
149,EPCE-5889
150,EPCE-5901
151,EPCE-5915
152,EPCE-5920
153,PKCP-5222
154,HKCN-50271
227,UFCW-1053
155,HKCN-50288
156,EPCE-5986
157,EPCE-5993
158,EPCE-7015
226,UFCW-1071
159,PKCP-5257
160,EPCE-7034
161,UFCW-1078
162,EPCE-7069
163,EPCE-7087
164,UFCW-1092
165,PKCP-5278
166,UFCW-1091
167,UFCW-1103
168,HKCN-50417
169,UFCW-1106
170,HKCN-50457
171,EPCE-7163
172,EPCE-7158
173,HKCN-50750,つばきファクトリーSOUND+VISION Vol.1,2023/3/22
174,UFCW-1117
175,EPCE-7268
176,EPCE-7273
177,UFCW-1121
178,EPCE-7325
179,PKCP-5312
180,UFCW-1125
181,UFCW-1126
182,UFCW-1129
183,EPCE-7371
184,EPCE-7374
185,EPCE-7387
186,UFCW-1134
187,UFCW-1133
188,HKCN-50564
189,EPCE-7449
190,EPCE-7454
191,UFCW-1138
192,EPCE-7462
193,HKCN-50599
194,UFCW-1140
195,EPCE-7529
196,EPCE-7543
197,EPCE-7548
198,EPCE-7556
199,UFCW-1148
200,EPCE-7619
201,EPCE-7622
202,UFCW-1155
203,UFCW-1156
206,HKCN-50712
207,EPCE-7702
208,UFCW-1157
233,HKCN-50750
234,HKCN-50750,モーニング娘。ベストセレクション ～The 25周年～,2023/3/22
