song_index,id,url
1,EPDA-56,http://www.helloproject.com/release/detail/EPDA-56/
1,EPCE-5002,http://www.up-front-works.jp/release/detail/EPCE-5002/
1,EPCE-5089,http://www.up-front-works.jp/release/detail/EPCE-5089/
1,EPCE-5321,http://www.up-front-works.jp/release/detail/EPCE-5321/
1,EPCE-5661,http://www.up-front-works.jp/release/detail/EPCE-5661/
1,UFDL-1366,http://www.up-front-works.jp/release/detail/UFDL-1366/
1,EPCE-7371,http://www.up-front-works.jp/release/detail/EPCE-7371/
1,EPCE-7387,http://www.up-front-works.jp/release/detail/EPCE-7387/
4,SPRE-002,http://www.up-front-works.jp/release/detail/SPRE-002/
4,EPCE-5143,http://www.helloproject.com/release/detail/EPCE-5143/
4,EPCE-5167,http://www.up-front-works.jp/release/detail/EPCE-5167/
4,EPCE-5505,http://www.up-front-works.jp/release/detail/EPCE-5505/
4,EPCE-5774,http://www.up-front-works.jp/release/detail/EPCE-5774/
4,EPCE-7306,http://www.up-front-works.jp/release/detail/EPCE-7306/
4,UFDL-1389,http://www.up-front-works.jp/release/detail/UFDL-1389/
4,EPCE-7454,http://www.up-front-works.jp/release/detail/EPCE-7454/
4,EPCE-7462,http://www.up-front-works.jp/release/detail/EPCE-7462/
15,EPDE-1003,http://www.helloproject.com/release/detail/EPDE-1003/
15,EPCE-5054,http://www.up-front-works.jp/release/detail/EPCE-5054/
15,EPCE-5268,http://www.up-front-works.jp/release/detail/EPCE-5268/
23,PKCP-5034,http://www.up-front-works.jp/release/detail/PKCP-5034/
23,EPCE-7556,http://www.up-front-works.jp/release/detail/EPCE-7556/
26,EPDE-1006,http://www.up-front-works.jp/release/detail/EPDE-1006/
26,EPCE-5010,http://www.up-front-works.jp/release/detail/EPCE-5010/
26,EPCE-5591,http://www.up-front-works.jp/release/detail/EPCE-5591/
28,EPDE-1008,http://www.helloproject.com/release/detail/EPDE-1008/
28,EPCE-5006,http://www.helloproject.com/release/detail/EPCE-5006/
28,EPCE-5025,http://www.up-front-works.jp/release/detail/EPCE-5025/
28,EPCE-5267,http://www.up-front-works.jp/release/detail/EPCE-5267/
36,EPDE-1014,http://www.up-front-works.jp/release/detail/EPDE-1014/
36,EPCE-5017,http://www.up-front-works.jp/release/detail/EPCE-5017/
36,EPCE-5177,http://www.up-front-works.jp/release/detail/EPCE-5177/
36,EPCE-5593,http://www.up-front-works.jp/release/detail/EPCE-5593/
36,HKCN-50417,http://www.up-front-works.jp/release/detail/HKCN-50417/
38,EPDE-1016,http://www.up-front-works.jp/release/detail/EPDE-1016/
41,EPCE-5289,http://www.up-front-works.jp/release/detail/EPCE-5289/
49,EPDE-1020,http://www.helloproject.com/release/detail/EPDE-1020/
49,HKCN-50016,http://www.up-front-works.jp/release/detail/HKCN-50016/
51,EPCE-5208,http://www.up-front-works.jp/release/detail/EPCE-5208/
54,EPDE-1024,http://www.up-front-works.jp/release/detail/EPDE-1024/
61,EPDE-1037,http://www.up-front-works.jp/release/detail/EPDE-1037/
61,EPCE-5094,http://www.up-front-works.jp/release/detail/EPCE-5094/
63,EPDE-1030,http://www.up-front-works.jp/release/detail/EPDE-1030/
63,EPDE-1040,http://www.up-front-works.jp/release/detail/EPDE-1040/
63,EPCE-5032,http://www.up-front-works.jp/release/detail/EPCE-5032/
63,EPCE-5595,http://www.up-front-works.jp/release/detail/EPCE-5595/
65,EPDE-1033,http://www.helloproject.com/release/detail/EPDE-1033/
67,EPDE-1031,http://www.up-front-works.jp/release/detail/EPDE-1031/
67,EPCE-5305,http://www.up-front-works.jp/release/detail/EPCE-5305/
70,EPDE-1047,http://www.up-front-works.jp/release/detail/EPDE-1047/
70,PKCP-5025,http://www.up-front-works.jp/release/detail/PKCP-5025/
71,EPDE-1044,http://www.helloproject.com/release/detail/EPDE-1044/
71,PKCP-5002,http://www.up-front-works.jp/release/detail/PKCP-5002/
71,UFCW-1079,http://www.up-front-works.jp/release/detail/UFCW-1079/
71,UFCW-1101,http://www.up-front-works.jp/release/detail/UFCW-1101/
73,PKCP-5067,http://www.up-front-works.jp/release/detail/PKCP-5067/
74,EPCE-5129,http://www.up-front-works.jp/release/detail/EPCE-5129/
74,EPCE-5421,http://www.up-front-works.jp/release/detail/EPCE-5421/
74,EPCE-5597,http://www.up-front-works.jp/release/detail/EPCE-5597/
81,EPCE-7268,http://www.up-front-works.jp/release/detail/EPCE-7268/
82,EPDE-1051,http://www.up-front-works.jp/release/detail/EPDE-1051/
82,EPCE-5262,http://www.up-front-works.jp/release/detail/EPCE-5262/
89,EPCE-5028,http://www.up-front-works.jp/release/detail/EPCE-5028/
90,EPDE-1052,http://www.helloproject.com/release/detail/EPDE-1052/
90,EPCE-5051,http://www.up-front-works.jp/release/detail/EPCE-5051/
90,EPCE-5993,http://www.up-front-works.jp/release/detail/EPCE-5993/
90,EPCE-7529,http://www.up-front-works.jp/release/detail/EPCE-7529/
92,EPDE-1065,http://www.up-front-works.jp/release/detail/EPDE-1065/
94,EPDE-1056,http://www.up-front-works.jp/release/detail/EPDE-1056/
103,EPCE-5430,http://www.up-front-works.jp/release/detail/EPCE-5430/
107,EPDE-1063,http://www.up-front-works.jp/release/detail/EPDE-1063/
107,EPCE-5172,http://www.up-front-works.jp/release/detail/EPCE-5172/
107,EPCE-5193,http://www.up-front-works.jp/release/detail/EPCE-5193/
107,HKCN-50135,http://www.up-front-works.jp/release/detail/HKCN-50135/
109,SPRE-003,http://www.up-front-works.jp/release/detail/SPRE-003/
111,EPCE-5068,http://www.up-front-works.jp/release/detail/EPCE-5068/
111,EPCE-5243,http://www.up-front-works.jp/release/detail/EPCE-5243/
111,PKCP-5278,http://www.up-front-works.jp/release/detail/PKCP-5278/
112,EPDE-1067,http://www.helloproject.com/release/detail/EPDE-1067/
114,EPDE-1068,http://www.up-front-works.jp/release/detail/EPDE-1068/
114,EPCE-5205,http://www.up-front-works.jp/release/detail/EPCE-5205/
114,EPCE-5600,http://www.up-front-works.jp/release/detail/EPCE-5600/
115,EPCE-5439,http://www.up-front-works.jp/release/detail/EPCE-5439/
115,EPCE-5702,http://www.up-front-works.jp/release/detail/EPCE-5702/
116,EPDE-1073,http://www.up-front-works.jp/release/detail/EPDE-1073/
116,PKCP-5014,http://www.up-front-works.jp/release/detail/PKCP-5014/
116,EPCE-5602,http://www.up-front-works.jp/release/detail/EPCE-5602/
117,EPDE-1071,http://www.up-front-works.jp/release/detail/EPDE-1071/
117,EPDE-1072,http://www.up-front-works.jp/release/detail/EPDE-1072/
117,PKCP-5043,http://www.up-front-works.jp/release/detail/PKCP-5043/
124,EPCE-5064,http://www.up-front-works.jp/release/detail/EPCE-5064/
130,EPDE-1076,http://www.up-front-works.jp/release/detail/EPDE-1076/
130,EPCE-5306,http://www.up-front-works.jp/release/detail/EPCE-5306/
134,SPRE-004,http://www.up-front-works.jp/release/detail/SPRE-004/
136,PKCP-5033,http://www.up-front-works.jp/release/detail/PKCP-5033/
137,EPCE-5056,http://www.helloproject.com/release/detail/EPCE-5056/
143,EPDE-1078,http://www.up-front-works.jp/release/detail/EPDE-1078/
145,EPCE-5060,http://www.up-front-works.jp/release/detail/EPCE-5060/
145,HKCN-50158,http://www.up-front-works.jp/release/detail/HKCN-50158/
147,EPCE-5066,http://www.up-front-works.jp/release/detail/EPCE-5066/
149,EPCE-5061,http://www.up-front-works.jp/release/detail/EPCE-5061/
152,EPCE-5065,http://www.up-front-works.jp/release/detail/EPCE-5065/
154,SPRE-005,http://www.up-front-works.jp/release/detail/SPRE-005/
154,EPCE-5219,http://www.up-front-works.jp/release/detail/EPCE-5219/
158,EPCE-5070,http://www.helloproject.com/release/detail/EPCE-5070/
158,EPCE-5116,http://www.up-front-works.jp/release/detail/EPCE-5116/
158,UFDL-1494,http://www.up-front-works.jp/release/detail/UFDL-1494/
158,EPCE-7676,http://www.up-front-works.jp/release/detail/EPCE-7676/
169,SPRE-9002,http://www.up-front-works.jp/release/detail/SPRE-9002/
171,EPCE-5084,http://www.helloproject.com/release/detail/EPCE-5084/
171,EPCE-5137,http://www.up-front-works.jp/release/detail/EPCE-5137/
171,EPCE-5149,http://www.up-front-works.jp/release/detail/EPCE-5149/
171,EPCE-5741,http://www.up-front-works.jp/release/detail/EPCE-5741/
175,EPCE-5078,http://www.up-front-works.jp/release/detail/EPCE-5078/
175,EPCE-5162,http://www.up-front-works.jp/release/detail/EPCE-5162/
175,EPCE-5214,http://www.up-front-works.jp/release/detail/EPCE-5214/
188,UFCW-1071,http://www.up-front-works.jp/release/detail/UFCW-1071/
192,EPCE-5092,http://www.up-front-works.jp/release/detail/EPCE-5092/
194,EPCE-5091,http://www.up-front-works.jp/release/detail/EPCE-5091/
196,EPCE-5093,http://www.up-front-works.jp/release/detail/EPCE-5093/
198,EPCE-5077,http://www.up-front-works.jp/release/detail/EPCE-5077/
200,EPCE-5100,http://www.up-front-works.jp/release/detail/EPCE-5100/
200,PKCP-5063,http://www.up-front-works.jp/release/detail/PKCP-5063/
201,EPCE-5096,http://www.up-front-works.jp/release/detail/EPCE-5096/
201,EPCE-5136,http://www.up-front-works.jp/release/detail/EPCE-5136/
201,EPCE-5362,http://www.up-front-works.jp/release/detail/EPCE-5362/
201,EPCE-5440,http://www.up-front-works.jp/release/detail/EPCE-5440/
203,SPRE-9005,http://www.up-front-works.jp/release/detail/SPRE-9005/
206,EPCE-5088,http://www.up-front-works.jp/release/detail/EPCE-5088/
206,HKCN-50003,http://www.up-front-works.jp/release/detail/HKCN-50003/
206,EPCE-7548,http://www.up-front-works.jp/release/detail/EPCE-7548/
207,EPCE-5105,http://www.up-front-works.jp/release/detail/EPCE-5105/
209,SPRE-9006,http://www.up-front-works.jp/release/detail/SPRE-9006/
211,EPCE-5113,http://www.up-front-works.jp/release/detail/EPCE-5113/
212,EPCE-5111,http://www.up-front-works.jp/release/detail/EPCE-5111/
212,EPCE-5112,http://www.up-front-works.jp/release/detail/EPCE-5112/
214,HKCN-50178,http://www.up-front-works.jp/release/detail/HKCN-50178/
215,EPCE-5114,http://www.helloproject.com/release/detail/EPCE-5114/
215,EPCE-5277,http://www.up-front-works.jp/release/detail/EPCE-5277/
215,UFDL-1503,http://www.up-front-works.jp/release/detail/UFDL-1503/
216,EPCE-5232,http://www.up-front-works.jp/release/detail/EPCE-5232/
216,EPCE-5233,http://www.up-front-works.jp/release/detail/EPCE-5233/
237,EPCE-5115,http://www.up-front-works.jp/release/detail/EPCE-5115/
239,EPCE-5085,http://www.up-front-works.jp/release/detail/EPCE-5085/
241,EPCE-5117,http://www.up-front-works.jp/release/detail/EPCE-5117/
241,EPCE-5831,http://www.up-front-works.jp/release/detail/EPCE-5831/
243,EPCE-5119,http://www.up-front-works.jp/release/detail/EPCE-5119/
245,EPCE-5118,http://www.up-front-works.jp/release/detail/EPCE-5118/
247,EPCE-5120,http://www.up-front-works.jp/release/detail/EPCE-5120/
247,UFCW-1156,http://www.up-front-works.jp/release/detail/UFCW-1156/
249,EPCE-5121,http://www.up-front-works.jp/release/detail/EPCE-5121/
249,HKCN-50223,http://www.up-front-works.jp/release/detail/HKCN-50223/
250,EPCE-5124,http://www.helloproject.com/release/detail/EPCE-5124/
252,EPCE-5122,http://www.up-front-works.jp/release/detail/EPCE-5122/
254,EPCE-5127,http://www.up-front-works.jp/release/detail/EPCE-5127/
256,EPCE-5126,http://www.up-front-works.jp/release/detail/EPCE-5126/
258,EPCE-5128,http://www.up-front-works.jp/release/detail/EPCE-5128/
260,PKCP-5001,http://www.up-front-works.jp/release/detail/PKCP-5001/
284,PKCP-5035,http://www.up-front-works.jp/release/detail/PKCP-5035/
290,EPCE-5132,http://www.up-front-works.jp/release/detail/EPCE-5132/
292,EPCE-5134,http://www.up-front-works.jp/release/detail/EPCE-5134/
294,EPCE-5153,http://www.up-front-works.jp/release/detail/EPCE-5153/
301,EPCE-5854,http://www.up-front-works.jp/release/detail/EPCE-5854/
301,EPCE-5920,http://www.up-front-works.jp/release/detail/EPCE-5920/
301,EPCE-7034,http://www.up-front-works.jp/release/detail/EPCE-7034/
306,EPCE-5140,http://www.up-front-works.jp/release/detail/EPCE-5140/
308,EPCE-5141,http://www.up-front-works.jp/release/detail/EPCE-5141/
308,EPCE-5195,http://www.up-front-works.jp/release/detail/EPCE-5195/
310,EPCE-5142,http://www.up-front-works.jp/release/detail/EPCE-5142/
312,PKCP-5003,http://www.up-front-works.jp/release/detail/PKCP-5003/
330,HKCN-50001,http://www.up-front-works.jp/release/detail/HKCN-50001/
330,HKCN-50009,http://www.up-front-works.jp/release/detail/HKCN-50009/
339,PKCP-5116,http://www.up-front-works.jp/release/detail/PKCP-5116/
339,EPCE-5590,http://www.up-front-works.jp/release/detail/EPCE-5590/
341,EPCE-5156,http://www.up-front-works.jp/release/detail/EPCE-5156/
343,EPCE-5152,http://www.up-front-works.jp/release/detail/EPCE-5152/
343,HKCN-50196,http://www.up-front-works.jp/release/detail/HKCN-50196/
345,PKCP-5006,http://www.up-front-works.jp/release/detail/PKCP-5006/
345,EPCE-5645,http://www.up-front-works.jp/release/detail/EPCE-5645/
361,EPCE-5158,http://www.up-front-works.jp/release/detail/EPCE-5158/
361,EPCE-5259,http://www.up-front-works.jp/release/detail/EPCE-5259/
363,PKCP-5005,http://www.up-front-works.jp/release/detail/PKCP-5005/
378,EPCE-5159,http://www.up-front-works.jp/release/detail/EPCE-5159/
380,HKCN-50002,http://www.up-front-works.jp/release/detail/HKCN-50002/
382,EPCE-5161,http://www.up-front-works.jp/release/detail/EPCE-5161/
386,EPCE-5200,http://www.up-front-works.jp/release/detail/EPCE-5200/
391,EPCE-5163,http://www.up-front-works.jp/release/detail/EPCE-5163/
392,EPCE-5164,http://www.up-front-works.jp/release/detail/EPCE-5164/
392,EPCE-5165,http://www.up-front-works.jp/release/detail/EPCE-5165/
431,EPCE-5168,http://www.helloproject.com/release/detail/EPCE-5168/
431,EPCE-5206,http://www.up-front-works.jp/release/detail/EPCE-5206/
439,EPCE-5173,http://www.up-front-works.jp/release/detail/EPCE-5173/
441,EPCE-5175,http://www.up-front-works.jp/release/detail/EPCE-5175/
444,PKCP-5008,http://www.up-front-works.jp/release/detail/PKCP-5008/
460,HKCN-50004,http://www.up-front-works.jp/release/detail/HKCN-50004/
462,EPCE-5176,http://www.up-front-works.jp/release/detail/EPCE-5176/
464,EPCE-5178,http://www.up-front-works.jp/release/detail/EPCE-5178/
466,PKCP-5010,http://www.up-front-works.jp/release/detail/PKCP-5010/
474,EPCE-5585,http://www.up-front-works.jp/release/detail/EPCE-5585/
481,EPCE-5180,http://www.up-front-works.jp/release/detail/EPCE-5180/
483,EPCE-5182,http://www.helloproject.com/release/detail/EPCE-5182/
483,EPCE-5474,http://www.up-front-works.jp/release/detail/EPCE-5474/
485,HKCN-50005,http://www.up-front-works.jp/release/detail/HKCN-50005/
487,EPCE-5181,http://www.up-front-works.jp/release/detail/EPCE-5181/
488,PKCP-5012,http://www.up-front-works.jp/release/detail/PKCP-5012/
489,EPCE-5188,http://www.up-front-works.jp/release/detail/EPCE-5188/
489,EPCE-5265,http://www.up-front-works.jp/release/detail/EPCE-5265/
491,PKCP-5013,http://www.up-front-works.jp/release/detail/PKCP-5013/
506,EPCE-5187,http://www.up-front-works.jp/release/detail/EPCE-5187/
508,EPCE-5191,http://www.up-front-works.jp/release/detail/EPCE-5191/
513,PKCP-5015,http://www.up-front-works.jp/release/detail/PKCP-5015/
513,PKCP-5017,http://www.up-front-works.jp/release/detail/PKCP-5017/
522,EPCE-5194,http://www.up-front-works.jp/release/detail/EPCE-5194/
528,HKCN-50007,http://www.up-front-works.jp/release/detail/HKCN-50007/
528,HKCN-50186,http://www.up-front-works.jp/release/detail/HKCN-50186/
530,EPCE-5197,http://www.up-front-works.jp/release/detail/EPCE-5197/
530,PKCP-5312,http://www.up-front-works.jp/release/detail/PKCP-5312/
535,EPCE-5198,http://www.up-front-works.jp/release/detail/EPCE-5198/
535,UFDL-1402,http://www.up-front-works.jp/release/detail/UFDL-1402/
538,HKCN-50204,http://www.up-front-works.jp/release/detail/HKCN-50204/
551,EPCE-5692,http://www.up-front-works.jp/release/detail/EPCE-5692/
554,EPCE-7449,http://www.up-front-works.jp/release/detail/EPCE-7449/
555,EPCE-5203,http://www.up-front-works.jp/release/detail/EPCE-5203/
557,PKCP-5018,http://www.up-front-works.jp/release/detail/PKCP-5018/
566,PKCP-5020,http://www.up-front-works.jp/release/detail/PKCP-5020/
581,EPCE-5207,http://www.up-front-works.jp/release/detail/EPCE-5207/
583,EPCE-2015,http://www.up-front-works.jp/release/detail/EPCE-2015/
594,HKCN-50010,http://www.up-front-works.jp/release/detail/HKCN-50010/
594,EPCE-5258,http://www.up-front-works.jp/release/detail/EPCE-5258/
596,EPCE-5212,http://www.up-front-works.jp/release/detail/EPCE-5212/
596,EPCE-5342,http://www.up-front-works.jp/release/detail/EPCE-5342/
599,PKCP-5021,http://www.up-front-works.jp/release/detail/PKCP-5021/
610,EPCE-5211,http://www.up-front-works.jp/release/detail/EPCE-5211/
612,EPCE-5216,http://www.up-front-works.jp/release/detail/EPCE-5216/
614,PKCP-5022,http://www.up-front-works.jp/release/detail/PKCP-5022/
616,HKCN-50011,http://www.up-front-works.jp/release/detail/HKCN-50011/
631,EPCE-5221,http://www.up-front-works.jp/release/detail/EPCE-5221/
635,EPCE-5227,http://www.up-front-works.jp/release/detail/EPCE-5227/
638,EPCE-5224,http://www.up-front-works.jp/release/detail/EPCE-5224/
641,HKCN-50012,http://www.up-front-works.jp/release/detail/HKCN-50012/
641,HKCN-50070,http://www.up-front-works.jp/release/detail/HKCN-50070/
643,EPCE-5230,http://www.up-front-works.jp/release/detail/EPCE-5230/
645,PKCP-5026,http://www.up-front-works.jp/release/detail/PKCP-5026/
647,EPCE-5234,http://www.up-front-works.jp/release/detail/EPCE-5234/
651,EPCE-5239,http://www.up-front-works.jp/release/detail/EPCE-5239/
653,EPCE-5236,http://www.up-front-works.jp/release/detail/EPCE-5236/
655,EPCE-2019,http://www.up-front-works.jp/release/detail/EPCE-2019/
665,PKCP-5030,http://www.up-front-works.jp/release/detail/PKCP-5030/
667,EPCE-5237,http://www.up-front-works.jp/release/detail/EPCE-5237/
671,EPBE-5102,http://www.up-front-works.jp/release/detail/EPBE-5102/
673,PKCP-5031,http://www.up-front-works.jp/release/detail/PKCP-5031/
675,EPCE-5250,http://www.up-front-works.jp/release/detail/EPCE-5250/
686,EPCE-5252,http://www.up-front-works.jp/release/detail/EPCE-5252/
686,EPCE-5340,http://www.up-front-works.jp/release/detail/EPCE-5340/
688,EPCE-5260,http://www.up-front-works.jp/release/detail/EPCE-5260/
700,EPCE-2021,http://www.up-front-works.jp/release/detail/EPCE-2021/
700,EPCE-2030,http://www.up-front-works.jp/release/detail/EPCE-2030/
709,EPCE-5264,http://www.up-front-works.jp/release/detail/EPCE-5264/
725,PKCP-5036,http://www.up-front-works.jp/release/detail/PKCP-5036/
725,PKCP-5062,http://www.up-front-works.jp/release/detail/PKCP-5062/
725,PKCP-5222,http://www.up-front-works.jp/release/detail/PKCP-5222/
725,PKCP-5257,http://www.up-front-works.jp/release/detail/PKCP-5257/
725,EPCE-7163,http://www.up-front-works.jp/release/detail/EPCE-7163/
727,EPCE-5278,http://www.up-front-works.jp/release/detail/EPCE-5278/
730,PKCP-5038,http://www.up-front-works.jp/release/detail/PKCP-5038/
730,PKCP-5049,http://www.up-front-works.jp/release/detail/PKCP-5049/
734,EPCE-5280,http://www.up-front-works.jp/release/detail/EPCE-5280/
736,PKCP-5037,http://www.up-front-works.jp/release/detail/PKCP-5037/
736,PKCP-5078,http://www.up-front-works.jp/release/detail/PKCP-5078/
738,EPCE-5286,http://www.up-front-works.jp/release/detail/EPCE-5286/
738,EPCE-5341,http://www.up-front-works.jp/release/detail/EPCE-5341/
740,EPCE-5288,http://www.up-front-works.jp/release/detail/EPCE-5288/
743,PKCP-5040,http://www.up-front-works.jp/release/detail/PKCP-5040/
745,EPCE-5270,http://www.up-front-works.jp/release/detail/EPCE-5270/
760,HKCN-50017,http://www.up-front-works.jp/release/detail/HKCN-50017/
760,HKCN-50034,http://www.up-front-works.jp/release/detail/HKCN-50034/
762,EPCE-5282,http://www.up-front-works.jp/release/detail/EPCE-5282/
771,PKCP-5041,http://www.up-front-works.jp/release/detail/PKCP-5041/
775,EPCE-5303,http://www.up-front-works.jp/release/detail/EPCE-5303/
775,EPCE-5387,http://www.up-front-works.jp/release/detail/EPCE-5387/
775,UFDL-1491,http://www.up-front-works.jp/release/detail/UFDL-1491/
777,EPCE-5292,http://www.up-front-works.jp/release/detail/EPCE-5292/
779,EPCE-2025,http://www.up-front-works.jp/release/detail/EPCE-2025/
782,HKCN-50019,http://www.up-front-works.jp/release/detail/HKCN-50019/
784,EPCE-5308,http://www.up-front-works.jp/release/detail/EPCE-5308/
784,EPCE-5355,http://www.up-front-works.jp/release/detail/EPCE-5355/
786,PKCP-5044,http://www.up-front-works.jp/release/detail/PKCP-5044/
786,PKCP-5061,http://www.up-front-works.jp/release/detail/PKCP-5061/
788,PKCP-5048,http://www.up-front-works.jp/release/detail/PKCP-5048/
788,PKCP-5059,http://www.up-front-works.jp/release/detail/PKCP-5059/
788,PKCP-5103,http://www.up-front-works.jp/release/detail/PKCP-5103/
790,PKCP-2002,http://www.up-front-works.jp/release/detail/PKCP-2002/
790,EPCE-5383,http://www.up-front-works.jp/release/detail/EPCE-5383/
792,EPCE-5337,http://www.up-front-works.jp/release/detail/EPCE-5337/
794,EPCE-5312,http://www.up-front-works.jp/release/detail/EPCE-5312/
796,EPCE-5332,http://www.up-front-works.jp/release/detail/EPCE-5332/
796,EPCE-5732,http://www.up-front-works.jp/release/detail/EPCE-5732/
798,EPCE-5334,http://www.up-front-works.jp/release/detail/EPCE-5334/
800,EPCE-5335,http://www.up-front-works.jp/release/detail/EPCE-5335/
802,PKCP-5045,http://www.up-front-works.jp/release/detail/PKCP-5045/
804,PKCP-5046,http://www.up-front-works.jp/release/detail/PKCP-5046/
815,EPCE-5343,http://www.up-front-works.jp/release/detail/EPCE-5343/
820,EPCE-5379,http://www.up-front-works.jp/release/detail/EPCE-5379/
838,EPCE-5348,http://www.up-front-works.jp/release/detail/EPCE-5348/
840,EPCE-5350,http://www.up-front-works.jp/release/detail/EPCE-5350/
842,EPCE-5351,http://www.up-front-works.jp/release/detail/EPCE-5351/
844,EPCE-5353,http://www.up-front-works.jp/release/detail/EPCE-5353/
852,PKCP-5050,http://www.up-front-works.jp/release/detail/PKCP-5050/
864,PKCP-5051,http://www.up-front-works.jp/release/detail/PKCP-5051/
864,PKCP-5123,http://www.up-front-works.jp/release/detail/PKCP-5123/
866,HKCN-50025,http://www.up-front-works.jp/release/detail/HKCN-50025/
868,EPCE-5364,http://www.up-front-works.jp/release/detail/EPCE-5364/
870,EPCE-5368,http://www.up-front-works.jp/release/detail/EPCE-5368/
872,PKCP-5052,http://www.up-front-works.jp/release/detail/PKCP-5052/
874,PKCP-5053,http://www.up-front-works.jp/release/detail/PKCP-5053/
876,EPCE-5369,http://www.up-front-works.jp/release/detail/EPCE-5369/
879,PKCP-5054,http://www.up-front-works.jp/release/detail/PKCP-5054/
881,EPCE-5371,http://www.up-front-works.jp/release/detail/EPCE-5371/
883,PKCP-5056,http://www.up-front-works.jp/release/detail/PKCP-5056/
885,PKCP-5055,http://www.up-front-works.jp/release/detail/PKCP-5055/
887,HKCN-50028,http://www.up-front-works.jp/release/detail/HKCN-50028/
889,EPCE-5373,http://www.up-front-works.jp/release/detail/EPCE-5373/
891,EPCE-5376,http://www.up-front-works.jp/release/detail/EPCE-5376/
893,PKCP-5057,http://www.up-front-works.jp/release/detail/PKCP-5057/
895,EPCE-5381,http://www.up-front-works.jp/release/detail/EPCE-5381/
913,PKCP-5058,http://www.up-front-works.jp/release/detail/PKCP-5058/
915,HKCN-50030,http://www.up-front-works.jp/release/detail/HKCN-50030/
919,EPCE-2031,http://www.up-front-works.jp/release/detail/EPCE-2031/
931,PKCP-5060,http://www.up-front-works.jp/release/detail/PKCP-5060/
933,EPCE-5385,http://www.up-front-works.jp/release/detail/EPCE-5385/
933,EPCE-5447,http://www.up-front-works.jp/release/detail/EPCE-5447/
933,EPCE-5501,http://www.up-front-works.jp/release/detail/EPCE-5501/
936,EPCE-5846,http://www.up-front-works.jp/release/detail/EPCE-5846/
942,EPCE-5390,http://www.up-front-works.jp/release/detail/EPCE-5390/
942,EPCE-5458,http://www.up-front-works.jp/release/detail/EPCE-5458/
945,PKCP-5065,http://www.up-front-works.jp/release/detail/PKCP-5065/
955,HKCN-50032,http://www.up-front-works.jp/release/detail/HKCN-50032/
955,HKCN-50043,http://www.up-front-works.jp/release/detail/HKCN-50043/
957,TGCS-3334,http://www.up-front-works.jp/release/detail/TGCS-3334/
957,EPCE-5674,http://www.up-front-works.jp/release/detail/EPCE-5674/
957,EPCE-5915,http://www.up-front-works.jp/release/detail/EPCE-5915/
957,EPCE-7325,http://www.up-front-works.jp/release/detail/EPCE-7325/
958,PKCP-5064,http://www.up-front-works.jp/release/detail/PKCP-5064/
960,TGCS-3393,http://www.up-front-works.jp/release/detail/TGCS-3393/
961,PKCP-5094,http://www.up-front-works.jp/release/detail/PKCP-5094/
963,EPCE-5496,http://www.up-front-works.jp/release/detail/EPCE-5496/
963,EPCE-5526,http://www.up-front-works.jp/release/detail/EPCE-5526/
963,EPCE-5527,http://www.up-front-works.jp/release/detail/EPCE-5527/
965,EPCE-5406,http://www.up-front-works.jp/release/detail/EPCE-5406/
967,HKCN-50035,http://www.up-front-works.jp/release/detail/HKCN-50035/
970,TGCS-3394,http://www.up-front-works.jp/release/detail/TGCS-3394/
971,EPCE-5413,http://www.up-front-works.jp/release/detail/EPCE-5413/
971,EPCE-5456,http://www.up-front-works.jp/release/detail/EPCE-5456/
971,EPCE-5623,http://www.up-front-works.jp/release/detail/EPCE-5623/
973,PKCP-2023,http://www.up-front-works.jp/release/detail/PKCP-2023/
975,EPCE-5415,http://www.helloproject.com/release/detail/EPCE-5415/
986,TGCS-3512,http://www.up-front-works.jp/release/detail/TGCS-3512/
987,PKCP-5069,http://www.up-front-works.jp/release/detail/PKCP-5069/
987,PKCP-5091,http://www.up-front-works.jp/release/detail/PKCP-5091/
990,HKCN-50037,http://www.up-front-works.jp/release/detail/HKCN-50037/
990,HKCN-50053,http://www.up-front-works.jp/release/detail/HKCN-50053/
992,EPCE-5423,http://www.up-front-works.jp/release/detail/EPCE-5423/
994,HKCN-50038,http://www.up-front-works.jp/release/detail/HKCN-50038/
996,PKCP-5070,http://www.up-front-works.jp/release/detail/PKCP-5070/
998,HKCN-50040,http://www.up-front-works.jp/release/detail/HKCN-50040/
1001,EPCE-5427,http://www.up-front-works.jp/release/detail/EPCE-5427/
1006,EPCE-5433,http://www.up-front-works.jp/release/detail/EPCE-5433/
1006,EPCE-5443,http://www.up-front-works.jp/release/detail/EPCE-5443/
1006,UFCW-1144,http://www.up-front-works.jp/release/detail/UFCW-1144/
1008,PKCP-5073,http://www.up-front-works.jp/release/detail/PKCP-5073/
1012,EPCE-5558,http://www.up-front-works.jp/release/detail/EPCE-5558/
1015,PKCP-5074,http://www.up-front-works.jp/release/detail/PKCP-5074/
1029,EPCE-5448,http://www.up-front-works.jp/release/detail/EPCE-5448/
1031,EPCE-5450,http://www.up-front-works.jp/release/detail/EPCE-5450/
1035,EPCE-5454,http://www.up-front-works.jp/release/detail/EPCE-5454/
1035,EPCE-5545,http://www.up-front-works.jp/release/detail/EPCE-5545/
1050,HKCN-50046,http://www.up-front-works.jp/release/detail/HKCN-50046/
1060,EPCE-5461,http://www.up-front-works.jp/release/detail/EPCE-5461/
1062,PKCP-5082,http://www.up-front-works.jp/release/detail/PKCP-5082/
1064,EPCE-5462,http://www.up-front-works.jp/release/detail/EPCE-5462/
1069,EPCE-5465,http://www.up-front-works.jp/release/detail/EPCE-5465/
1069,EPCE-5629,http://www.up-front-works.jp/release/detail/EPCE-5629/
1071,EPCE-5469,http://www.up-front-works.jp/release/detail/EPCE-5469/
1071,EPCE-5528,http://www.up-front-works.jp/release/detail/EPCE-5528/
1073,HKCN-50050,http://www.up-front-works.jp/release/detail/HKCN-50050/
1075,PKCP-5085,http://www.up-front-works.jp/release/detail/PKCP-5085/
1077,EPCE-5475,http://www.up-front-works.jp/release/detail/EPCE-5475/
1090,PKCP-5088,http://www.up-front-works.jp/release/detail/PKCP-5088/
1092,EPCE-5480,http://www.up-front-works.jp/release/detail/EPCE-5480/
1094,EPCE-5483,http://www.up-front-works.jp/release/detail/EPCE-5483/
1096,EPCE-5487,http://www.up-front-works.jp/release/detail/EPCE-5487/
1107,EPCE-5489,http://www.up-front-works.jp/release/detail/EPCE-5489/
1109,EPCE-5495,http://www.up-front-works.jp/release/detail/EPCE-5495/
1111,EPCE-5534,http://www.up-front-works.jp/release/detail/EPCE-5534/
1120,PKCP-2028,http://www.up-front-works.jp/release/detail/PKCP-2028/
1122,PKCP-5097,http://www.up-front-works.jp/release/detail/PKCP-5097/
1124,EPCE-5500,http://www.up-front-works.jp/release/detail/EPCE-5500/
1135,EPCE-5502,http://www.up-front-works.jp/release/detail/EPCE-5502/
1137,HKCN-50060,http://www.up-front-works.jp/release/detail/HKCN-50060/
1142,EPCE-5510,http://www.up-front-works.jp/release/detail/EPCE-5510/
1144,EPCE-5512,http://www.up-front-works.jp/release/detail/EPCE-5512/
1146,EPCE-5514,http://www.up-front-works.jp/release/detail/EPCE-5514/
1149,PKCP-5106,http://www.up-front-works.jp/release/detail/PKCP-5106/
1151,EPCE-5523,http://www.up-front-works.jp/release/detail/EPCE-5523/
1153,EPCE-5548,http://www.up-front-works.jp/release/detail/EPCE-5548/
1165,HKCN-50061,http://www.up-front-works.jp/release/detail/HKCN-50061/
1177,EPCE-5536,http://www.up-front-works.jp/release/detail/EPCE-5536/
1188,EPCE-5531,http://www.up-front-works.jp/release/detail/EPCE-5531/
1196,PKCP-5112,http://www.up-front-works.jp/release/detail/PKCP-5112/
1196,PKCP-5122,http://www.up-front-works.jp/release/detail/PKCP-5122/
1197,EPCE-5553,http://www.up-front-works.jp/release/detail/EPCE-5553/
1199,TGCS-4850,http://www.up-front-works.jp/release/detail/TGCS-4850/
1200,EPCE-5540,http://www.up-front-works.jp/release/detail/EPCE-5540/
1202,EPCE-5612,http://www.up-front-works.jp/release/detail/EPCE-5612/
1203,PKCP-2036,http://www.up-front-works.jp/release/detail/PKCP-2036/
1208,EPCE-5556,http://www.up-front-works.jp/release/detail/EPCE-5556/
1208,PKCP-5130,http://www.up-front-works.jp/release/detail/PKCP-5130/
1212,EPCE-5611,http://www.up-front-works.jp/release/detail/EPCE-5611/
1213,EPCE-5559,http://www.up-front-works.jp/release/detail/EPCE-5559/
1215,TGCS-5025,http://www.up-front-works.jp/release/detail/TGCS-5025/
1215,HKCN-50102,http://www.up-front-works.jp/release/detail/HKCN-50102/
1216,PKCP-5119,http://www.up-front-works.jp/release/detail/PKCP-5119/
1218,EPCE-5563,http://www.up-front-works.jp/release/detail/EPCE-5563/
1220,EPCE-5566,http://www.up-front-works.jp/release/detail/EPCE-5566/
1232,EPCE-5575,http://www.up-front-works.jp/release/detail/EPCE-5575/
1234,EPCE-5576,http://www.up-front-works.jp/release/detail/EPCE-5576/
1236,TGCS-5085,http://www.up-front-works.jp/release/detail/TGCS-5085/
1237,EPCE-5580,http://www.up-front-works.jp/release/detail/EPCE-5580/
1239,PKCP-5127,http://www.up-front-works.jp/release/detail/PKCP-5127/
1258,EPCE-5586,http://www.up-front-works.jp/release/detail/EPCE-5586/
1260,HKCN-50067,http://www.up-front-works.jp/release/detail/HKCN-50067/
1260,EPCE-5677,http://www.up-front-works.jp/release/detail/EPCE-5677/
1267,PCCA-02784,http://www.helloproject.com/release/detail/PCCA-02784/
1269,TGCS-5086,http://www.up-front-works.jp/release/detail/TGCS-5086/
1296,EPCE-5697,http://www.up-front-works.jp/release/detail/EPCE-5697/
1297,EPCE-5615,http://www.up-front-works.jp/release/detail/EPCE-5615/
1304,UFDL-1518,http://www.up-front-works.jp/release/detail/UFDL-1518/
1307,EPCE-5617,http://www.up-front-works.jp/release/detail/EPCE-5617/
1309,EPCE-5618,http://www.up-front-works.jp/release/detail/EPCE-5618/
1311,PCCA-02850,http://www.helloproject.com/release/detail/PCCA-02850/
1313,PKCP-2043,http://www.up-front-works.jp/release/detail/PKCP-2043/
1315,PKCP-5133,http://www.up-front-works.jp/release/detail/PKCP-5133/
1315,PKCP-5155,http://www.up-front-works.jp/release/detail/PKCP-5155/
1324,HKCN-50072,http://www.up-front-works.jp/release/detail/HKCN-50072/
1324,HKCN-50271,http://www.up-front-works.jp/release/detail/HKCN-50271/
1326,HKCN-50077,http://www.up-front-works.jp/release/detail/HKCN-50077/
1327,EPCE-5632,http://www.up-front-works.jp/release/detail/EPCE-5632/
1327,EPCE-5694,http://www.up-front-works.jp/release/detail/EPCE-5694/
1331,EPCE-5637,http://www.up-front-works.jp/release/detail/EPCE-5637/
1333,HKCN-50079,http://www.up-front-works.jp/release/detail/HKCN-50079/
1335,PCCA-02911,http://www.helloproject.com/release/detail/PCCA-02911/
1337,PKCP-5138,http://www.up-front-works.jp/release/detail/PKCP-5138/
1339,GFCG-11601,http://www.helloproject.com/release/detail/GFCG-11601/
1339,HKCN-50148,http://www.up-front-works.jp/release/detail/HKCN-50148/
1339,HKCN-50234,http://www.up-front-works.jp/release/detail/HKCN-50234/
1339,HKCN-50457,http://www.up-front-works.jp/release/detail/HKCN-50457/
1340,EPCE-5642,http://www.up-front-works.jp/release/detail/EPCE-5642/
1354,HKCN-50084,http://www.up-front-works.jp/release/detail/HKCN-50084/
1356,EPCE-5647,http://www.up-front-works.jp/release/detail/EPCE-5647/
1361,PCCA-03000,http://www.helloproject.com/release/detail/PCCA-03000/
1363,EPCE-5656,http://www.up-front-works.jp/release/detail/EPCE-5656/
1365,GFCG-11602,http://www.helloproject.com/release/detail/GFCG-11602/
1366,HKCN-50090,http://www.up-front-works.jp/release/detail/HKCN-50090/
1368,EPCE-5667,http://www.up-front-works.jp/release/detail/EPCE-5667/
1370,PKCP-5143,http://www.up-front-works.jp/release/detail/PKCP-5143/
1372,PCCA-03046,http://www.helloproject.com/release/detail/PCCA-03046/
1374,GFCG-11603,http://www.helloproject.com/release/detail/GFCG-11603/
1375,HKCN-50096,http://www.up-front-works.jp/release/detail/HKCN-50096/
1375,HKCN-50145,http://www.up-front-works.jp/release/detail/HKCN-50145/
1390,EPCE-5681,http://www.up-front-works.jp/release/detail/EPCE-5681/
1392,PCCA-03081,http://www.helloproject.com/release/detail/PCCA-03081/
1404,EPCE-5685,http://www.up-front-works.jp/release/detail/EPCE-5685/
1412,HKCN-50105,http://www.up-front-works.jp/release/detail/HKCN-50105/
1414,PKCP-5149,http://www.up-front-works.jp/release/detail/PKCP-5149/
1414,PKCP-5160,http://www.up-front-works.jp/release/detail/PKCP-5160/
1417,TGCS-6045,http://www.up-front-works.jp/release/detail/TGCS-6045/
1417,HKCN-50118,http://www.up-front-works.jp/release/detail/HKCN-50118/
1430,EPCE-5704,http://www.up-front-works.jp/release/detail/EPCE-5704/
1430,EPCE-5762,http://www.up-front-works.jp/release/detail/EPCE-5762/
1432,HKCN-50109,http://www.up-front-works.jp/release/detail/HKCN-50109/
1434,HKCN-50113,http://www.up-front-works.jp/release/detail/HKCN-50113/
1436,EPCE-5709,http://www.up-front-works.jp/release/detail/EPCE-5709/
1436,EPCE-5733,http://www.up-front-works.jp/release/detail/EPCE-5733/
1440,PKCP-5180,http://www.up-front-works.jp/release/detail/PKCP-5180/
1442,HKCN-50119,http://www.up-front-works.jp/release/detail/HKCN-50119/
1444,EPCE-5717,http://www.up-front-works.jp/release/detail/EPCE-5717/
1446,HKCN-50126,http://www.up-front-works.jp/release/detail/HKCN-50126/
1450,EPCE-5730,http://www.helloproject.com/release/detail/EPCE-5730/
1452,PKCP-5166,http://www.up-front-works.jp/release/detail/PKCP-5166/
1454,EPCE-5722,http://www.up-front-works.jp/release/detail/EPCE-5722/
1456,HKCN-50142,http://www.up-front-works.jp/release/detail/HKCN-50142/
1465,HKCN-50151,http://www.up-front-works.jp/release/detail/HKCN-50151/
1476,EPCE-5736,http://www.up-front-works.jp/release/detail/EPCE-5736/
1484,HKCN-50154,http://www.up-front-works.jp/release/detail/HKCN-50154/
1484,EPCE-5830,http://www.up-front-works.jp/release/detail/EPCE-5830/
1484,HKCN-50219,http://www.up-front-works.jp/release/detail/HKCN-50219/
1486,EPCE-5743,http://www.up-front-works.jp/release/detail/EPCE-5743/
1486,EPCE-5798,http://www.up-front-works.jp/release/detail/EPCE-5798/
1491,EPCE-5756,http://www.up-front-works.jp/release/detail/EPCE-5756/
1493,PKCP-5174,http://www.up-front-works.jp/release/detail/PKCP-5174/
1509,EPCE-5765,http://www.up-front-works.jp/release/detail/EPCE-5765/
1509,EPCE-5809,http://www.up-front-works.jp/release/detail/EPCE-5809/
1511,HKCN-50166,http://www.up-front-works.jp/release/detail/HKCN-50166/
1513,EPCE-5786,http://www.up-front-works.jp/release/detail/EPCE-5786/
1513,EPCE-5843,http://www.up-front-works.jp/release/detail/EPCE-5843/
1515,PKCP-5183,http://www.up-front-works.jp/release/detail/PKCP-5183/
1515,PKCP-5201,http://www.up-front-works.jp/release/detail/PKCP-5201/
1517,EPCE-5779,http://www.up-front-works.jp/release/detail/EPCE-5779/
1519,HKCN-50174,http://www.up-front-works.jp/release/detail/HKCN-50174/
1521,EPCE-5791,http://www.up-front-works.jp/release/detail/EPCE-5791/
1525,UFCW-1017,http://www.up-front-works.jp/release/detail/UFCW-1017/
1532,PKCP-5189,http://www.up-front-works.jp/release/detail/PKCP-5189/
1534,EPCE-5812,http://www.up-front-works.jp/release/detail/EPCE-5812/
1536,EPCE-5800,http://www.up-front-works.jp/release/detail/EPCE-5800/
1542,UFDL-1515,http://www.up-front-works.jp/release/detail/UFDL-1515/
1550,PKCP-5195,http://www.up-front-works.jp/release/detail/PKCP-5195/
1553,EPCE-5821,http://www.up-front-works.jp/release/detail/EPCE-5821/
1554,UFDL-1498,http://www.up-front-works.jp/release/detail/UFDL-1498/
1561,EPCE-5833,http://www.up-front-works.jp/release/detail/EPCE-5833/
1561,EPCE-5889,http://www.up-front-works.jp/release/detail/EPCE-5889/
1563,EPCE-5836,http://www.up-front-works.jp/release/detail/EPCE-5836/
1563,EPCE-5901,http://www.up-front-works.jp/release/detail/EPCE-5901/
1573,EPCE-5882,http://www.up-front-works.jp/release/detail/EPCE-5882/
1580,HKCN-50213,http://www.up-front-works.jp/release/detail/HKCN-50213/
1582,PKCP-5204,http://www.up-front-works.jp/release/detail/PKCP-5204/
1599,EPCE-5863,http://www.up-front-works.jp/release/detail/EPCE-5863/
1599,HKCN-50241,http://www.up-front-works.jp/release/detail/HKCN-50241/
1605,HKCN-50237,http://www.up-front-works.jp/release/detail/HKCN-50237/
1607,EPCE-5872,http://www.up-front-works.jp/release/detail/EPCE-5872/
1609,UFCW-1132,http://www.up-front-works.jp/release/detail/UFCW-1132/
1612,PKCP-5210,http://www.up-front-works.jp/release/detail/PKCP-5210/
1621,HKCN-50288,http://www.up-front-works.jp/release/detail/HKCN-50288/
1622,EPCE-5893,http://www.up-front-works.jp/release/detail/EPCE-5893/
1622,EPCE-5986,http://www.up-front-works.jp/release/detail/EPCE-5986/
1623,EPCE-5939,http://www.up-front-works.jp/release/detail/EPCE-5939/
1623,EPCE-7049,http://www.up-front-works.jp/release/detail/EPCE-7049/
1623,EPCE-7087,http://www.up-front-works.jp/release/detail/EPCE-7087/
1623,EPCE-7158,http://www.up-front-works.jp/release/detail/EPCE-7158/
1627,UFCW-1123,http://www.up-front-works.jp/release/detail/UFCW-1123/
1633,EPCE-5905,http://www.up-front-works.jp/release/detail/EPCE-5905/
1638,UFCW-1047,http://www.up-front-works.jp/release/detail/UFCW-1047/
1638,UFCW-1091,http://www.up-front-works.jp/release/detail/UFCW-1091/
1638,UFCW-1120,http://www.up-front-works.jp/release/detail/UFCW-1120/
1639,UFCW-1042,http://www.up-front-works.jp/release/detail/UFCW-1042/
1639,HKCN-50274,http://www.up-front-works.jp/release/detail/HKCN-50274/
1639,EPCE-7015,http://www.up-front-works.jp/release/detail/EPCE-7015/
1639,UFBW-1488,http://www.up-front-works.jp/release/detail/UFBW-1488/
1642,HKCN-50256,http://www.up-front-works.jp/release/detail/HKCN-50256/
1645,HKCN-50264,http://www.up-front-works.jp/release/detail/HKCN-50264/
1647,PKCP-5216,http://www.up-front-works.jp/release/detail/PKCP-5216/
1649,EPCE-5921,http://www.up-front-works.jp/release/detail/EPCE-5921/
1649,UFCW-1137,http://www.up-front-works.jp/release/detail/UFCW-1137/
1663,EPCE-5932,http://www.up-front-works.jp/release/detail/EPCE-5932/
1667,PKCP-5225,http://www.up-front-works.jp/release/detail/PKCP-5225/
1670,HKCN-50280,http://www.up-front-works.jp/release/detail/HKCN-50280/
1676,UFCW-1057,http://www.up-front-works.jp/release/detail/UFCW-1057/
1676,HKCN-50310,http://www.up-front-works.jp/release/detail/HKCN-50310/
1677,EPCE-5948,http://www.up-front-works.jp/release/detail/EPCE-5948/
1683,UFCW-1065,http://www.up-front-works.jp/release/detail/UFCW-1065/
1691,UFCW-1066,http://www.up-front-works.jp/release/detail/UFCW-1066/
1691,UFBW-1325,http://www.up-front-works.jp/release/detail/UFBW-1325/
1692,PKCP-5233,http://www.up-front-works.jp/release/detail/PKCP-5233/
1694,HKCN-50294,http://www.up-front-works.jp/release/detail/HKCN-50294/
1696,EPCE-5958,http://www.up-front-works.jp/release/detail/EPCE-5958/
1700,EPCE-5974,http://www.up-front-works.jp/release/detail/EPCE-5974/
1713,PKCP-5241,http://www.up-front-works.jp/release/detail/PKCP-5241/
1717,EPCE-7001,http://www.up-front-works.jp/release/detail/EPCE-7001/
1721,HKCN-50324,http://www.up-front-works.jp/release/detail/HKCN-50324/
1723,UFCW-1044,http://www.up-front-works.jp/release/detail/UFCW-1044/
1725,UFCW-1054,http://www.up-front-works.jp/release/detail/UFCW-1054/
1727,UFCW-1068,http://www.up-front-works.jp/release/detail/UFCW-1068/
1730,UFBW-1275,http://www.up-front-works.jp/release/detail/UFBW-1275/
1731,HKCN-50333,http://www.up-front-works.jp/release/detail/HKCN-50333/
1734,EPCE-7016,http://www.up-front-works.jp/release/detail/EPCE-7016/
1734,EPCE-7069,http://www.up-front-works.jp/release/detail/EPCE-7069/
1734,UFCW-1154,http://www.up-front-works.jp/release/detail/UFCW-1154/
1734,UFDL-1490,http://www.up-front-works.jp/release/detail/UFDL-1490/
1737,PKCP-5249,http://www.up-front-works.jp/release/detail/PKCP-5249/
1741,EPCE-7026,http://www.up-front-works.jp/release/detail/EPCE-7026/
1743,HKCN-50343,http://www.up-front-works.jp/release/detail/HKCN-50343/
1745,EPCE-7039,http://www.up-front-works.jp/release/detail/EPCE-7039/
1747,HKCN-50359,http://www.up-front-works.jp/release/detail/HKCN-50359/
1749,TGCS-7999,http://www.up-front-works.jp/release/detail/TGCS-7999/
1752,PKCP-5260,http://www.up-front-works.jp/release/detail/PKCP-5260/
1755,HKCN-50367,http://www.up-front-works.jp/release/detail/HKCN-50367/
1757,UFCW-1078,http://www.up-front-works.jp/release/detail/UFCW-1078/
1771,HKCN-50377,http://www.up-front-works.jp/release/detail/HKCN-50377/
1772,UFDL-1487,http://www.up-front-works.jp/release/detail/UFDL-1487/
1773,HKCN-50387,http://www.up-front-works.jp/release/detail/HKCN-50387/
1775,EPCE-7059,http://www.up-front-works.jp/release/detail/EPCE-7059/
1784,PKCP-5268,http://www.up-front-works.jp/release/detail/PKCP-5268/
1786,EPCE-7074,http://www.up-front-works.jp/release/detail/EPCE-7074/
1788,UFBW-1355,http://www.up-front-works.jp/release/detail/UFBW-1355/
1791,UFCW-1087,http://www.up-front-works.jp/release/detail/UFCW-1087/
1794,UFCW-1092,http://www.up-front-works.jp/release/detail/UFCW-1092/
1801,UFCW-1106,http://www.up-front-works.jp/release/detail/UFCW-1106/
1803,HKCN-50397,http://www.up-front-works.jp/release/detail/HKCN-50397/
1803,HKCN-50599,http://www.up-front-works.jp/release/detail/HKCN-50599/
1812,EPCE-7109,http://www.up-front-works.jp/release/detail/EPCE-7109/
1812,UFCW-1138,http://www.up-front-works.jp/release/detail/UFCW-1138/
1814,UFBW-1443,http://www.up-front-works.jp/release/detail/UFBW-1443/
1814,EPCE-7138,http://www.up-front-works.jp/release/detail/EPCE-7138/
1814,EPCE-7485,http://www.up-front-works.jp/release/detail/EPCE-7485/
1816,EPCE-7099,http://www.up-front-works.jp/release/detail/EPCE-7099/
1819,HKCN-50407,http://www.up-front-works.jp/release/detail/HKCN-50407/
1819,UFDL-1353,http://www.up-front-works.jp/release/detail/UFDL-1353/
1819,HKCN-50564,http://www.up-front-works.jp/release/detail/HKCN-50564/
1821,EPCE-7089,http://www.up-front-works.jp/release/detail/EPCE-7089/
1824,UFCW-1103,http://www.up-front-works.jp/release/detail/UFCW-1103/
1834,HKCN-50712,http://www.up-front-works.jp/release/detail/HKCN-50712/
1838,HKCN-50630,http://www.up-front-works.jp/release/detail/HKCN-50630/
1839,HKCN-50426,http://www.up-front-works.jp/release/detail/HKCN-50426/
1842,EPCE-7119,http://www.up-front-works.jp/release/detail/EPCE-7119/
1844,EPCE-7129,http://www.up-front-works.jp/release/detail/EPCE-7129/
1848,UFDL-1492,http://www.up-front-works.jp/release/detail/UFDL-1492/
1848,EPCE-7694,http://www.up-front-works.jp/release/detail/EPCE-7694/
1849,UFCW-1105,http://www.up-front-works.jp/release/detail/UFCW-1105/
1852,EPCE-7147,http://www.up-front-works.jp/release/detail/EPCE-7147/
1854,HKCN-50462,http://www.up-front-works.jp/release/detail/HKCN-50462/
1870,EPCE-7164,http://www.up-front-works.jp/release/detail/EPCE-7164/
1873,UFCW-1111,http://www.up-front-works.jp/release/detail/UFCW-1111/
1874,HKCN-50471,http://www.up-front-works.jp/release/detail/HKCN-50471/
1875,EPCE-7273,http://www.up-front-works.jp/release/detail/EPCE-7273/
1876,EPCE-7185,http://www.up-front-works.jp/release/detail/EPCE-7185/
1880,EPCE-7173,http://www.up-front-works.jp/release/detail/EPCE-7173/
1883,EPCE-7208,http://www.up-front-works.jp/release/detail/EPCE-7208/
1886,HKCN-50481,http://www.up-front-works.jp/release/detail/HKCN-50481/
1889,EPCE-7217,http://www.up-front-works.jp/release/detail/EPCE-7217/
1893,UFCW-1112,http://www.up-front-works.jp/release/detail/UFCW-1112/
1898,UFCW-1115,http://www.up-front-works.jp/release/detail/UFCW-1115/
1901,EPCE-7227,http://www.up-front-works.jp/release/detail/EPCE-7227/
1904,UFBW-1506,http://www.up-front-works.jp/release/detail/UFBW-1506/
1906,UFBW-1514,http://www.up-front-works.jp/release/detail/UFBW-1514/
1908,EPCE-7239,http://www.up-front-works.jp/release/detail/EPCE-7239/
1910,HKCN-50501,http://www.up-front-works.jp/release/detail/HKCN-50501/
1913,HKCN-50492,http://www.up-front-works.jp/release/detail/HKCN-50492/
1916,UFCW-1117,http://www.up-front-works.jp/release/detail/UFCW-1117/
1925,EPCE-7249,http://www.up-front-works.jp/release/detail/EPCE-7249/
1928,EPCE-7259,http://www.up-front-works.jp/release/detail/EPCE-7259/
1938,UFCW-1118,http://www.up-front-works.jp/release/detail/UFCW-1118/
1943,EPCE-7292,http://www.up-front-works.jp/release/detail/EPCE-7292/
1944,EPCE-7374,http://www.up-front-works.jp/release/detail/EPCE-7374/
1945,EPCE-7274,http://www.up-front-works.jp/release/detail/EPCE-7274/
1951,UFCW-1121,http://www.up-front-works.jp/release/detail/UFCW-1121/
1951,UFCW-1126,http://www.up-front-works.jp/release/detail/UFCW-1126/
1956,EPCE-7314,http://www.up-front-works.jp/release/detail/EPCE-7314/
1959,HKCN-50510,http://www.up-front-works.jp/release/detail/HKCN-50510/
1969,UFDL-1334,http://www.up-front-works.jp/release/detail/UFDL-1334/
1970,UFDL-1333,http://www.up-front-works.jp/release/detail/UFDL-1333/
1971,UFDL-1340,http://www.up-front-works.jp/release/detail/UFDL-1340/
1971,UFCW-1133,http://www.up-front-works.jp/release/detail/UFCW-1133/
1973,EPCE-7339,http://www.up-front-works.jp/release/detail/EPCE-7339/
1975,UFDL-1344,http://www.up-front-works.jp/release/detail/UFDL-1344/
1976,HKCN-50518,http://www.up-front-works.jp/release/detail/HKCN-50518/
1986,UFDL-1351,http://www.up-front-works.jp/release/detail/UFDL-1351/
1987,UFDL-1349,http://www.up-front-works.jp/release/detail/UFDL-1349/
1989,UFCW-1125,http://www.up-front-works.jp/release/detail/UFCW-1125/
1990,UFCW-1134,http://www.up-front-works.jp/release/detail/UFCW-1134/
1994,UFDL-1343,http://www.up-front-works.jp/release/detail/UFDL-1343/
1995,EPCE-7347,http://www.up-front-works.jp/release/detail/EPCE-7347/
1998,UFDL-1356,http://www.up-front-works.jp/release/detail/UFDL-1356/
1999,UFDL-1355,http://www.up-front-works.jp/release/detail/UFDL-1355/
2000,UFDL-1357,http://www.up-front-works.jp/release/detail/UFDL-1357/
2000,EPCE-7674,http://www.up-front-works.jp/release/detail/EPCE-7674/
2024,UFDL-1364,http://www.up-front-works.jp/release/detail/UFDL-1364/
2025,EPCE-7360,http://www.up-front-works.jp/release/detail/EPCE-7360/
2028,UFCW-1129,http://www.up-front-works.jp/release/detail/UFCW-1129/
2033,UFDL-1370,http://www.up-front-works.jp/release/detail/UFDL-1370/
2042,UFCW-1122,http://www.up-front-works.jp/release/detail/UFCW-1122/
2043,HKXN-50061,http://www.up-front-works.jp/release/detail/HKXN-50061/
2045,HKCN-50553,http://www.up-front-works.jp/release/detail/HKCN-50553/
2045,UFDL-1455,http://www.up-front-works.jp/release/detail/UFDL-1455/
2046,UFDL-1385,http://www.up-front-works.jp/release/detail/UFDL-1385/
2047,UFDL-1386,http://www.up-front-works.jp/release/detail/UFDL-1386/
2048,UFDL-1390,http://www.up-front-works.jp/release/detail/UFDL-1390/
2053,EPCE-7376,http://www.up-front-works.jp/release/detail/EPCE-7376/
2056,EPCE-7390,http://www.up-front-works.jp/release/detail/EPCE-7390/
2058,HKCN-50542,http://www.up-front-works.jp/release/detail/HKCN-50542/
2063,EPCE-7398,http://www.up-front-works.jp/release/detail/EPCE-7398/
2072,UFCW-1131,http://www.up-front-works.jp/release/detail/UFCW-1131/
2072,UFCW-1155,http://www.up-front-works.jp/release/detail/UFCW-1155/
2075,EPCE-7409,http://www.up-front-works.jp/release/detail/EPCE-7409/
2078,UFDL-1403,http://www.up-front-works.jp/release/detail/UFDL-1403/
2087,EPCE-7421,http://www.up-front-works.jp/release/detail/EPCE-7421/
2089,UFDL-1404,http://www.up-front-works.jp/release/detail/UFDL-1404/
2091,EPCE-7429,http://www.up-front-works.jp/release/detail/EPCE-7429/
2095,EPCE-7438,http://www.up-front-works.jp/release/detail/EPCE-7438/
2098,HKCN-50569,http://www.up-front-works.jp/release/detail/HKCN-50569/
2106,HKCN-50580,http://www.up-front-works.jp/release/detail/HKCN-50580/
2109,EPCE-7471,http://www.up-front-works.jp/release/detail/EPCE-7471/
2109,EPCE-7622,http://www.up-front-works.jp/release/detail/EPCE-7622/
2110,EPCE-7646,http://www.up-front-works.jp/release/detail/EPCE-7646/
2115,UFDL-1426,http://www.up-front-works.jp/release/detail/UFDL-1426/
2116,HKCN-50591,http://www.up-front-works.jp/release/detail/HKCN-50591/
2123,UFDL-1464,http://www.up-front-works.jp/release/detail/UFDL-1464/
2129,UFCW-1140,http://www.up-front-works.jp/release/detail/UFCW-1140/
2133,HKCN-50610,http://www.up-front-works.jp/release/detail/HKCN-50610/
2135,EPCE-7493,http://www.up-front-works.jp/release/detail/EPCE-7493/
2135,EPCE-7619,http://www.up-front-works.jp/release/detail/EPCE-7619/
2137,EPCE-7504,http://www.up-front-works.jp/release/detail/EPCE-7504/
2137,EPCE-7543,http://www.up-front-works.jp/release/detail/EPCE-7543/
2143,UFDL-1439,http://www.up-front-works.jp/release/detail/UFDL-1439/
2145,UFDL-1440,http://www.up-front-works.jp/release/detail/UFDL-1440/
2145,EPCE-7559,http://www.up-front-works.jp/release/detail/EPCE-7559/
2156,UFDL-1443,http://www.up-front-works.jp/release/detail/UFDL-1443/
2156,HKCN-50667,http://www.up-front-works.jp/release/detail/HKCN-50667/
2156,HKCN-50720,http://www.up-front-works.jp/release/detail/HKCN-50720/
2156,HKCN-50727,http://www.up-front-works.jp/release/detail/HKCN-50727/
2157,HKCN-50621,http://www.up-front-works.jp/release/detail/HKCN-50621/
2173,UFDL-1447,http://www.up-front-works.jp/release/detail/UFDL-1447/
2178,EPCE-7565,http://www.up-front-works.jp/release/detail/EPCE-7565/
2181,UFDL-1446,http://www.up-front-works.jp/release/detail/UFDL-1446/
2182,EPCE-7584,http://www.up-front-works.jp/release/detail/EPCE-7584/
2188,HKCN-50638,http://www.up-front-works.jp/release/detail/HKCN-50638/
2190,EPCE-7590,http://www.up-front-works.jp/release/detail/EPCE-7590/
2194,UFCW-1148,http://www.up-front-works.jp/release/detail/UFCW-1148/
2199,UFDL-1465,http://www.up-front-works.jp/release/detail/UFDL-1465/
2200,EPCE-7600,http://www.up-front-works.jp/release/detail/EPCE-7600/
2202,UFDL-1468,http://www.up-front-works.jp/release/detail/UFDL-1468/
2202,HKCN-50656,http://www.up-front-works.jp/release/detail/HKCN-50656/
2202,UFDL-1483,http://www.up-front-works.jp/release/detail/UFDL-1483/
2202,HKCN-50700,http://www.up-front-works.jp/release/detail/HKCN-50700/
2203,EPCE-7608,http://www.up-front-works.jp/release/detail/EPCE-7608/
2203,EPCE-7702,http://www.up-front-works.jp/release/detail/EPCE-7702/
2215,HKCN-50646,http://www.up-front-works.jp/release/detail/HKCN-50646/
2215,UFDL-1473,http://www.up-front-works.jp/release/detail/UFDL-1473/
2223,UFDL-1484,http://www.up-front-works.jp/release/detail/UFDL-1484/
2238,UFDL-1482,http://www.up-front-works.jp/release/detail/UFDL-1482/
2238,EPCE-7665,http://www.up-front-works.jp/release/detail/EPCE-7665/
2242,EPCE-7635,http://www.up-front-works.jp/release/detail/EPCE-7635/
2245,EPCE-7649,http://www.up-front-works.jp/release/detail/EPCE-7649/
2250,HKCN-50677,http://www.up-front-works.jp/release/detail/HKCN-50677/
2264,UFDL-1488,http://www.up-front-works.jp/release/detail/UFDL-1488/
2272,EPCE-7684,http://www.up-front-works.jp/release/detail/EPCE-7684/
2278,UFDL-1509,http://www.up-front-works.jp/release/detail/UFDL-1509/
2288,HKCN-50734,http://www.up-front-works.jp/release/detail/HKCN-50734/
2290,HKCN-50742,http://www.up-front-works.jp/release/detail/HKCN-50742/
2292,EPCE-7713,http://www.up-front-works.jp/release/detail/EPCE-7713/
2296,EPCE-7721,http://www.up-front-works.jp/release/detail/EPCE-7721/
2298,UFCW-1157,http://www.up-front-works.jp/release/detail/UFCW-1157/
2302,EPCE-7729,http://www.up-front-works.jp/release/detail/EPCE-7729/
2305,HKCN-50750,http://www.up-front-works.jp/release/detail/HKCN-50750/
2313,EPCE-7749,http://www.up-front-works.jp/release/detail/EPCE-7749/
2315,HKCN-50758,http://www.up-front-works.jp/release/detail/HKCN-50758/
2318,HKCN-50766,http://www.up-front-works.jp/release/detail/HKCN-50766/
2320,EPCE-7757,http://www.up-front-works.jp/release/detail/EPCE-7757/
2324,EPCE-7777,http://www.up-front-works.jp/release/detail/EPCE-7777/